{"test_bollinger_all_best_params": {"AAPL": {"best_std": 2.2022300234864174, "best_window": 38, "best_total_return": -0.021463105475565958}, "AMZN": {"best_std": 1.4063852733484947, "best_window": 18, "best_total_return": 0.29100941346823017}, "BA": {"best_std": 2.009689300376733, "best_window": 13, "best_total_return": 0.07736414017740079}, "CAT": {"best_std": 1.0891396178161032, "best_window": 49, "best_total_return": 0.15582704654854296}, "CVX": {"best_std": 1.0084524734964138, "best_window": 26, "best_total_return": 0.2039499051677125}, "GOOGL": {"best_std": 1.1348145041383781, "best_window": 32, "best_total_return": 0.13371587872043356}, "GS": {"best_std": 1.875033135298931, "best_window": 43, "best_total_return": 0.15160592944456397}, "JNJ": {"best_std": 1.3219597590770071, "best_window": 38, "best_total_return": 0.1476232715040675}, "JPM": {"best_std": 2.2037498968950553, "best_window": 37, "best_total_return": 0.15367578040825935}, "KO": {"best_std": 2.999082376349613, "best_window": 38, "best_total_return": 0.03545376777511233}, "MCD": {"best_std": 2.9765728607576882, "best_window": 29, "best_total_return": 0.024991382248084504}, "MSFT": {"best_std": 1.2549994533439714, "best_window": 13, "best_total_return": 0.11681663528102426}, "NKE": {"best_std": 1.1754221419723685, "best_window": 49, "best_total_return": 0.07553622010175198}, "NVDA": {"best_std": 1.2466047108639378, "best_window": 11, "best_total_return": 0.09070282930041018}, "PFE": {"best_std": 1.0444327400536937, "best_window": 37, "best_total_return": 0.21516594820892476}, "SOFI": {"best_std": 1.298779874282221, "best_window": 44, "best_total_return": 0.5899989811791051}, "TSLA": {"best_std": 2.5602183361645956, "best_window": 37, "best_total_return": -0.10053731219026008}, "UNH": {"best_std": 1.2821049858514826, "best_window": 16, "best_total_return": 0.17258911268560384}, "WMT": {"best_std": 1.0341797702293187, "best_window": 38, "best_total_return": 0.1398767124878495}, "XOM": {"best_std": 1.1755229489577719, "best_window": 44, "best_total_return": 0.4502694658416364}}, "bollinger_all_best_params": {"AAPL": {"best_std": 1.4603566655302573, "best_window": 20, "best_total_return": 0.12193078171626892}, "AMZN": {"best_std": 1.0885210604974864, "best_window": 16, "best_total_return": 0.15796464942547894}, "BA": {"best_std": 1.2837314433909182, "best_window": 13, "best_total_return": 0.40538645588908095}, "CAT": {"best_std": 1.0039170196386553, "best_window": 42, "best_total_return": 0.09070654988768423}, "CVX": {"best_std": 1.4669467760381265, "best_window": 45, "best_total_return": 0.041103384168555746}, "GOOGL": {"best_std": 2.6095167719235146, "best_window": 11, "best_total_return": 0.0026431849423638187}, "GS": {"best_std": 1.0065725235765386, "best_window": 21, "best_total_return": 0.1718915152701519}, "JNJ": {"best_std": 1.5016994141306965, "best_window": 34, "best_total_return": 0.13707737232266948}, "JPM": {"best_std": 1.3349172319754268, "best_window": 32, "best_total_return": 0.16879542674864956}, "KO": {"best_std": 2.2722776031758123, "best_window": 30, "best_total_return": 0.019344668804428755}, "MCD": {"best_std": 1.299786492570706, "best_window": 32, "best_total_return": 0.08976339373119235}, "MSFT": {"best_std": 1.0274222194924143, "best_window": 42, "best_total_return": 0.18921973071079168}, "NKE": {"best_std": 1.3182121212162157, "best_window": 44, "best_total_return": 0.18032549858059532}, "NVDA": {"best_std": 1.3574522828149909, "best_window": 12, "best_total_return": 0.4233822549354336}, "PFE": {"best_std": 1.0214883695487555, "best_window": 34, "best_total_return": 0.17716161128046837}, "SOFI": {"best_std": 1.1441034305211486, "best_window": 31, "best_total_return": 0.3116741957819815}, "TSLA": {"best_std": 1.0144369650914107, "best_window": 17, "best_total_return": 0.6351472330806442}, "UNH": {"best_std": 1.3136398140335879, "best_window": 28, "best_total_return": 0.1396288416137097}, "WMT": {"best_std": 1.019725681094578, "best_window": 22, "best_total_return": 0.030152734950060323}, "XOM": {"best_std": 1.0056119337757552, "best_window": 48, "best_total_return": 0.12315572538217867}}, "test_sma_all_best_params": {"AAPL": {"best_short": 12, "best_long": 197, "best_total_return": 0.269727145492189}, "AMZN": {"best_short": 31, "best_long": 160, "best_total_return": 0.6617121265573949}, "BA": {"best_short": 6, "best_long": 51, "best_total_return": 0.05529102136837416}, "CAT": {"best_short": 43, "best_long": 195, "best_total_return": 0.3567688137675167}, "CVX": {"best_short": 47, "best_long": 62, "best_total_return": 0.037307277528517924}, "GOOGL": {"best_short": 28, "best_long": 88, "best_total_return": 0.7079137090999414}, "GS": {"best_short": 38, "best_long": 51, "best_total_return": 0.21214387969813453}, "JNJ": {"best_short": 31, "best_long": 62, "best_total_return": 0.21561789911151252}, "JPM": {"best_short": 48, "best_long": 168, "best_total_return": 0.38329954433341684}, "KO": {"best_short": 38, "best_long": 96, "best_total_return": 0.08474535563008945}, "MCD": {"best_short": 5, "best_long": 61, "best_total_return": 0.22280651024488063}, "MSFT": {"best_short": 7, "best_long": 154, "best_total_return": 0.6363844686377642}, "NKE": {"best_short": 5, "best_long": 53, "best_total_return": 0.059992427356165834}, "NVDA": {"best_short": 5, "best_long": 199, "best_total_return": 1.9389367185900914}, "PFE": {"best_short": 43, "best_long": 59, "best_total_return": 0.2438455168457685}, "SOFI": {"best_short": 44, "best_long": 127, "best_total_return": 0.5630384548240901}, "TSLA": {"best_short": 5, "best_long": 91, "best_total_return": 0.6735597820110464}, "UNH": {"best_short": 38, "best_long": 162, "best_total_return": 0.14069412614093513}, "WMT": {"best_short": 39, "best_long": 197, "best_total_return": 0.19037849964629583}, "XOM": {"best_short": 41, "best_long": 68, "best_total_return": 0.26443483888766317}}, "sma_all_best_params": {"AAPL": {"best_short": 35, "best_long": 94, "best_total_return": 0.3883995424794584}, "AMZN": {"best_short": 39, "best_long": 143, "best_total_return": 0.34334639150744684}, "BA": {"best_short": 34, "best_long": 55, "best_total_return": 0.14626230849764688}, "CAT": {"best_short": 43, "best_long": 103, "best_total_return": 0.23922127466783816}, "CVX": {"best_short": 32, "best_long": 81, "best_total_return": 0.1195983248087189}, "GOOGL": {"best_short": 5, "best_long": 51, "best_total_return": 0.4968794344106715}, "GS": {"best_short": 12, "best_long": 74, "best_total_return": 0.6219298409074598}, "JNJ": {"best_short": 33, "best_long": 102, "best_total_return": 0.14750469204697403}, "JPM": {"best_short": 33, "best_long": 156, "best_total_return": 0.43588575500633575}, "KO": {"best_short": 11, "best_long": 56, "best_total_return": 0.2684166752484214}, "MCD": {"best_short": 16, "best_long": 51, "best_total_return": 0.14441587047332427}, "MSFT": {"best_short": 41, "best_long": 83, "best_total_return": 0.07965918557662088}, "NKE": {"best_short": 44, "best_long": 145, "best_total_return": 0.09086334032870957}, "NVDA": {"best_short": 37, "best_long": 62, "best_total_return": 1.0399687789645529}, "PFE": {"best_short": 17, "best_long": 65, "best_total_return": 0.2002394071117275}, "SOFI": {"best_short": 32, "best_long": 56, "best_total_return": 1.6096473354704597}, "TSLA": {"best_short": 36, "best_long": 140, "best_total_return": 1.9131995654282408}, "UNH": {"best_short": 5, "best_long": 113, "best_total_return": 0.2614398468005643}, "WMT": {"best_short": 43, "best_long": 59, "best_total_return": 0.5646683777864643}, "XOM": {"best_short": 5, "best_long": 187, "best_total_return": 0.08497858806566172}}}