{
    "test_pairs_all_best_params": {
        "AMZN-AAPL": {
            "best_entry": 1.5175748802520945,
            "best_exit": 0.009348711776841379,
            "best_window": 5,
            "best_total_return": 0.570961674101681
        },
        "CAT-AAPL": {
            "best_entry": 1.713983772766034,
            "best_exit": 0.6164798511512602,
            "best_window": 32,
            "best_total_return": 0.18686383711478594
        },
        "NVDA-AMZN": {
            "best_entry": 2.4167851471068844,
            "best_exit": 0.06532426226049859,
            "best_window": 24,
            "best_total_return": 0.3115151644799796
        },
        "CAT-BA": {
            "best_entry": 1.8432988131674164,
            "best_exit": 0.04393585524381449,
            "best_window": 11,
            "best_total_return": 0.6986268181599009
        },
        "CVX-BA": {
            "best_entry": 1.932335017731461,
            "best_exit": 0.7858022712047118,
            "best_window": 9,
            "best_total_return": 0.2713246748229725
        },
        "GOOGL-BA": {
            "best_entry": 1.5871254182522991,
            "best_exit": 0.8661761457749352,
            "best_window": 32,
            "best_total_return": 0.6683799829964203
        },
        "MCD-BA": {
            "best_entry": 1.6041345706814403,
            "best_exit": 0.9570405386270818,
            "best_window": 22,
            "best_total_return": 0.3742017659199719
        },
        "NKE-BA": {
            "best_entry": 1.716217893675134,
            "best_exit": 0.12966339286402362,
            "best_window": 23,
            "best_total_return": 0.5245609407396017
        },
        "NVDA-BA": {
            "best_entry": 2.0072864715294174,
            "best_exit": 0.7665917737852304,
            "best_window": 9,
            "best_total_return": 0.8445971847141864
        },
        "PFE-BA": {
            "best_entry": 1.6895923725157052,
            "best_exit": 0.980004948702073,
            "best_window": 16,
            "best_total_return": 0.2724973442020253
        },
        "SOFI-BA": {
            "best_entry": 2.004495828468315,
            "best_exit": 0.058127480186189406,
            "best_window": 44,
            "best_total_return": 0.11871055632785876
        },
        "WMT-BA": {
            "best_entry": 1.5341557374547037,
            "best_exit": 0.0462213382428347,
            "best_window": 31,
            "best_total_return": 0.5507430252937366
        },
        "JPM-CVX": {
            "best_entry": 2.8257751715346004,
            "best_exit": 0.07410735920745226,
            "best_window": 42,
            "best_total_return": 0.20943516520966732
        },
        "MCD-CVX": {
            "best_entry": 2.256316881590589,
            "best_exit": 0.031237166727039023,
            "best_window": 48,
            "best_total_return": 0.3127689459032632
        },
        "PFE-CVX": {
            "best_entry": 1.9952175394550014,
            "best_exit": 0.019378167019218795,
            "best_window": 44,
            "best_total_return": 0.07132658765883915
        },
        "UNH-CVX": {
            "best_entry": 1.842644458501944,
            "best_exit": 0.2384293058096859,
            "best_window": 12,
            "best_total_return": 0.18834706865845874
        },
        "XOM-CVX": {
            "best_entry": 1.598480929193331,
            "best_exit": 0.09915215037469027,
            "best_window": 6,
            "best_total_return": 0.2634612838914343
        },
        "NVDA-GOOGL": {
            "best_entry": 1.646732640739138,
            "best_exit": 0.7518395005872524,
            "best_window": 10,
            "best_total_return": 0.22636194938499066
        },
        "PFE-GOOGL": {
            "best_entry": 2.880971869368677,
            "best_exit": 0.0004654813930775603,
            "best_window": 48,
            "best_total_return": 0.3166668085098947
        },
        "WMT-GOOGL": {
            "best_entry": 1.5526512919475626,
            "best_exit": 0.005013341108576763,
            "best_window": 8,
            "best_total_return": 0.2365117735585971
        },
        "MCD-JNJ": {
            "best_entry": 1.642229498772184,
            "best_exit": 0.033937836257171394,
            "best_window": 49,
            "best_total_return": 0.16523996496508397
        },
        "SOFI-JNJ": {
            "best_entry": 1.7185859852772642,
            "best_exit": 0.5271015465009063,
            "best_window": 10,
            "best_total_return": 1.3510231596277706
        },
        "WMT-MCD": {
            "best_entry": 1.6799237852468005,
            "best_exit": 0.5717037876136358,
            "best_window": 32,
            "best_total_return": 0.2657961962429647
        },
        "WMT-NKE": {
            "best_entry": 1.695309881838229,
            "best_exit": 0.04973778557876507,
            "best_window": 12,
            "best_total_return": 0.30367061747332436
        },
        "WMT-NVDA": {
            "best_entry": 1.5594013506164035,
            "best_exit": 0.010323252325390553,
            "best_window": 28,
            "best_total_return": 1.1918474284183986
        },
        "UNH-PFE": {
            "best_entry": 2.653243502866051,
            "best_exit": 0.08163225228350224,
            "best_window": 33,
            "best_total_return": 0.15574247874807923
        },
        "TSLA-SOFI": {
            "best_entry": 2.397987726295555,
            "best_exit": 0.15601864044243652,
            "best_window": 12,
            "best_total_return": 0.1720922447200477
        }
    }
}